Timestamp,Donor_File,Target_File,Output_File,Alignment_Type,RMSD,Cofactors,Status
2025-04-09 20:46:42,P00198_crystal.pdb,P00200_empty.pdb,P00200_transplanted.pdb,Global,0.6270202994346619,SF4,Success
2025-04-09 20:48:59,P00208_crystal.pdb,P00207_empty.pdb,P00207_transplanted.pdb,Global,0.5057935118675232,SF4,Success
2025-04-09 20:50:52,P00210_nmr.pdb,P00203_empty.pdb,P00203_transplanted.pdb,Global,1.2112541198730469,SF4,Success
2025-04-09 20:54:37,P00208_crystal.pdb,P00211_empty.pdb,P00211_transplanted.pdb,Global,1.6010210514068604,SF4,Success
2025-04-09 20:56:49,P00260_crystal.pdb,P00261_empty.pdb,P00261_transplanted_global.pdb,Global,0.3574100434780121,SF4,Success
2025-04-09 21:08:28,P00260_crystal.pdb,P00261_empty.pdb,P00261_transplanted_local.pdb,Local,0.0,SF4,Success
2025-04-09 21:17:13,P00260_crystal.pdb,P00262_empty.pdb,P00262_transplanted.pdb,Local,0.0,SF4,Success
2025-04-09 21:20:43,P00260_crystal.pdb,P00263_empty.pdb,P00263_transplanted.pdb,Local,0.0,SF4,Success
2025-04-09 21:21:23,P00260_crystal.pdb,P00264_empty.pdb,P00264_transplanted.pdb,Local,0.0,SF4,Success
2025-04-09 21:22:17,P00260_crystal.pdb,P00265_empty.pdb,P00265_transplanted.pdb,Local,0.0,SF4,Success
2025-04-09 21:22:59,P00260_crystal.pdb,P00266_empty.pdb,P00266_transplanted.pdb,Local,0.0,SF4,Success
2025-04-09 21:28:36,P04168_nmr.pdb,P04169_empty.pdb,P04169_transplanted.pdb,Local,0.0,SF4,Success
2025-04-09 21:32:14,P24297_crystal.pdb,P09947_empty.pdb,P09947_transplanted.pdb,Local,0.0,FE,Success
2025-04-09 21:32:51,P24297_crystal.pdb,P14071_empty.pdb,P14071_transplanted.pdb,Local,0.0,FE,Success
2025-04-09 21:33:44,P24297_crystal.pdb,P56263_empty.pdb,P56263_transplanted.pdb,Local,0.0,FE,Success
2025-04-09 21:35:13,P24297_crystal.pdb,P00268_empty.pdb,P00268_transplanted_manually.pdb,Local,0.0,FE,Success
2025-04-09 21:35:43,P24297_crystal.pdb,P00268_transplanted.pdb,P00268_transplanted_complete.pdb,Local,0.0,FE,Success
2025-04-09 21:38:00,Q8N5K1_crystal.pdb,P0AE56_empty.pdb,P0AE56_transplanted.pdb,Local,3.7780416011810303,FES,Success
2025-04-09 21:54:08,Q8N5K1_crystal.pdb,Q9CQB5_empty.pdb,Q9CQB5_transplanted.pdb,Local,0.1693132519721985,FES,Success
2025-04-09 22:29:53,Q9NZ45_crystal.pdb,Q9X1D7_empty.pdb,Q9X1D7_transplanted.pdb,Global,2.081026077270508,FES,Success
2025-04-09 22:30:38,Q9NZ45_crystal.pdb,Q9X1D7_empty.pdb,Q9X1D7_transplanted.pdb,Local,0.8297908902168274,FES,Success
2025-04-09 22:47:42,P00198_crystal.pdb,P11425_empty.pdb,P11425_transplanted.pdb,Local,0.0,SF4,Success
2025-04-09 22:54:10,P46797_crystal.pdb,P50727_empty.pdb,P50727_transplanted.pdb,Local,0.332035094499588,SF4,Success
2025-04-09 22:55:41,P46797_crystal.pdb,P73811_empty.pdb,P73811_transplanted.pdb,Global,1.399946928024292,SF4,Success
2025-04-09 22:58:10,P46797_crystal.pdb,Q9X0Q7_empty.pdb,Q9X0Q7_transplanted.pdb,Global,0.9686639904975891,SF4,Success
2025-04-09 22:59:07,P46797_crystal.pdb,Q9X115_empty.pdb,Q9X115_transplanted.pdb,Global,1.2800978422164917,SF4,Success
2025-04-09 23:01:15,P71820_crystal.pdb,Q9X1L9_empty.pdb,Q9X1L9_transplanted.pdb,Global,0.4816770553588867,"FE,F3S",Success
2025-04-09 23:09:08,P71820_crystal.pdb,P73276_empty.pdb,P73276_transplanted.pdb,Global,14.70656681060791,F3S,Success
2025-04-09 23:09:29,P71820_crystal.pdb,Q9X1L9_empty.pdb,Q9X1L9_transplanted.pdb,Global,0.4816770553588867,F3S,Success
2025-04-09 23:13:57,P33678_crystal.pdb,P38589_empty.pdb,P38589_transplanted.pdb,Global,0.2994914948940277,SF4,Success
2025-04-09 23:15:15,P33678_crystal.pdb,P38941_empty.pdb,P38941_transplanted.pdb,Global,0.6610983610153198,SF4,Success
2025-04-09 23:16:54,P33678_crystal.pdb,P00266_empty.pdb,P00266_transplanted.pdb,Global,0.26203668117523193,SF4,Success
2025-04-09 23:28:32,P24297_crystal.pdb,O85673_empty.pdb,O85673_transplanted.pdb,Local,0.0,FE,Success
2025-04-09 23:29:52,Q8N5K1_crystal.pdb,O85673_transplanted.pdb,O85673_transplanted_complete.pdb,Local,0.9530360698699951,FES,Success
2025-04-10 11:22:24,P00260_crystal.pdb,O52681_G80P_minimized.pdb,O52681_G80P_transplanted.pdb,Local,0.0,SF4,Success
2025-04-10 11:30:55,P00260_crystal.pdb,P18187_P238C_cleaned.pdb,P18187_P238C_transplanted.pdb,Local,0.0,SF4,Success
2025-04-10 11:38:25,P18187.pdb,P18187_P238C_minimized.pdb,P18187_P238C_SF4.pdb,Local,0.12899456918239594,SF4,Success
2025-04-10 11:39:58,P00260_crystal.pdb,P18187_P238C_SF4.pdb,P18187_P238C_complete.pdb,Local,0.0,SF4,Success
2025-04-10 11:51:43,P00260_crystal.pdb,P0DUV7_empty.pdb,P0DUV7_transplanted.pdb,Local,0.0,SF4,Success
2025-04-10 11:57:23,P00260_crystal.pdb,P00209_empty.pdb,P00209_SF4_transplanted.pdb,Local,0.0,SF4,Success
2025-04-15 15:10:16,O52681.pdb,O52681_A82P_minimized.pdb,O52681_A82P_transplanted.pdb,Local,0.07725944370031357,FES,Success
2025-04-15 15:10:40,O52681.pdb,O52681_A122P_minimized.pdb,O52681_A122P_transplanted.pdb,Local,0.10517273843288422,FES,Success
2025-04-15 15:10:56,O52681.pdb,O52681_D79P_minimized.pdb,O52681_D79P_transplanted.pdb,Local,0.14037354290485382,FES,Success
2025-04-15 15:11:20,O52681.pdb,O52681_G121P_minimized.pdb,O52681_G121P_transplanted.pdb,Local,0.0535748228430748,FES,Success
2025-04-15 15:11:40,O52681.pdb,O52681_L120P_minimized.pdb,O52681_L120P_transplanted.pdb,Local,0.16891641914844513,FES,Success
2025-04-15 15:13:03,O52681.pdb,O52681_T81P_minimized.pdb,O52681_T81P_transplanted.pdb,Local,0.07503218948841095,FES,Success
2025-04-15 15:13:57,O52681.pdb,O52681_V128A_minimized.pdb,O52681_V128A_transplanted.pdb,Local,0.07588580995798111,FES,Success
2025-04-15 15:14:08,O52681.pdb,O52681_V128C_minimized.pdb,O52681_V128C_transplanted.pdb,Local,0.07254816591739655,FES,Success
2025-04-15 15:14:22,O52681.pdb,O52681_V128D_minimized.pdb,O52681_V128D_transplanted.pdb,Local,0.07812818139791489,FES,Success
2025-04-15 15:14:50,O52681.pdb,O52681_V128E_minimized.pdb,O52681_V128E_transplanted.pdb,Local,0.07093261927366257,FES,Success
2025-04-15 15:14:58,O52681.pdb,O52681_V128F_minimized.pdb,O52681_V128F_transplanted.pdb,Local,0.29388272762298584,FES,Success
2025-04-15 15:15:08,O52681.pdb,O52681_V128G_minimized.pdb,O52681_V128G_transplanted.pdb,Local,0.07234938442707062,FES,Success
2025-04-15 15:15:22,O52681.pdb,O52681_V128H_minimized.pdb,O52681_V128H_transplanted.pdb,Local,0.08280492573976517,FES,Success
2025-04-15 15:15:38,O52681.pdb,O52681_V128I_minimized.pdb,O52681_V128I_transplanted.pdb,Local,0.1072397381067276,FES,Success
2025-04-15 15:15:45,O52681.pdb,O52681_V128K_minimized.pdb,O52681_V128K_transplanted.pdb,Local,0.07634426653385162,FES,Success
2025-04-15 15:15:53,O52681.pdb,O52681_V128L_minimized.pdb,O52681_V128L_transplanted.pdb,Local,0.09269560128450394,FES,Success
2025-04-15 15:16:02,O52681.pdb,O52681_V128M_minimized.pdb,O52681_V128M_transplanted.pdb,Local,0.12638498842716217,FES,Success
2025-04-15 15:16:10,O52681.pdb,O52681_V128N_minimized.pdb,O52681_V128N_transplanted.pdb,Local,0.07387464493513107,FES,Success
2025-04-15 15:16:24,O52681.pdb,O52681_V128P_minimized.pdb,O52681_V128P_transplanted.pdb,Local,0.08860527724027634,FES,Success
2025-04-15 15:16:30,O52681.pdb,O52681_V128Q_minimized.pdb,O52681_V128Q_transplanted.pdb,Local,0.1021512895822525,FES,Success
2025-04-15 15:16:37,O52681.pdb,O52681_V128R_minimized.pdb,O52681_V128R_transplanted.pdb,Local,0.11301998049020767,FES,Success
2025-04-15 15:16:45,O52681.pdb,O52681_V128S_minimized.pdb,O52681_V128S_transplanted.pdb,Local,0.0756060853600502,FES,Success
2025-04-15 15:16:53,O52681.pdb,O52681_V128T_minimized.pdb,O52681_V128T_transplanted.pdb,Local,0.07615131139755249,FES,Success
2025-04-15 15:17:00,O52681.pdb,O52681_V128W_minimized.pdb,O52681_V128W_transplanted.pdb,Local,0.1471901834011078,FES,Success
2025-04-15 15:17:10,O52681.pdb,O52681_V128Y_minimized.pdb,O52681_V128Y_transplanted.pdb,Local,0.25773152709007263,FES,Success
2025-04-15 15:19:21,P0A3C7.pdb,P0A3C7_A46S_minimized.pdb,P0A3C7_A46S_transplanted.pdb,Local,0.14061996340751648,FES,Success
2025-04-15 15:21:44,P00207_transplanted.pdb,P00207_T10I_minimized.pdb,P00207_T10I_transplanted.pdb,Local,0.05864837393164635,SF4,Success
2025-04-15 15:30:35,P00208_transplanted.pdb,P00208_C58A_minimized.pdb,P00208_C58A_transplanted.pdb,Local,0.07928819209337234,SF4,Success
2025-04-15 15:30:54,P00208_transplanted.pdb,P00208_C58S_minimized.pdb,P00208_C58S_transplanted.pdb,Local,0.047496188431978226,SF4,Success
2025-04-15 15:31:18,P00208_transplanted.pdb,P00208_D13G_V14G_C58A_minimized.pdb,P00208_D13G_V14G_C58A_transplanted.pdb,Local,0.03085411712527275,SF4,Success
2025-04-15 15:31:28,P00208_transplanted.pdb,P00208_D13G_V14G_minimized.pdb,P00208_D13G_V14G_transplanted.pdb,Local,0.042065512388944626,SF4,Success
2025-04-15 15:31:42,P00208_transplanted.pdb,P00208_V14G_minimized.pdb,P00208_V14G_transplanted.pdb,Local,0.07671000808477402,SF4,Success
2025-04-15 15:35:51,P00214.pdb,P00214_C21A_minimized.pdb,P00214_C21A_transplanted.pdb,Local,0.04711267724633217,"SF4,F3S",Success
2025-04-15 15:36:25,P00214.pdb,P00214_C25A_minimized.pdb,P00214_C25A_transplanted.pdb,Local,0.06218164786696434,"SF4,F3S",Success
2025-04-15 16:31:00,P00221.pdb,P00221_E142A_minimized.pdb,P00221_E142A_transplanted.pdb,Local,0.2517176568508148,FES,Success
2025-04-15 16:31:22,P00221.pdb,P00221_E142K_minimized.pdb,P00221_E142K_transplanted.pdb,Local,0.21982520818710327,FES,Success
2025-04-15 16:31:30,P00221.pdb,P00221_E142Q_minimized.pdb,P00221_E142Q_transplanted.pdb,Local,0.21759666502475739,FES,Success
2025-04-15 16:33:11,P24297_transplanted.pdb,P24297_A44V_minimized.pdb,P24297_A44V_transplanted.pdb,Local,0.06321465969085693,FE,Success
2025-04-15 18:15:16,O52681.pdb,O85673_transplanted.pdb,O85673_transplanted.pdb,Local,0.5852603912353516,FES,Success
2025-04-15 18:19:29,O52681.pdb,Q9X1D7_empty.pdb,Q9X1D7_transplanted.pdb,Local,0.35371577739715576,FES,Success
2025-04-15 18:22:50,O52681.pdb,Q9CQB5_empty.pdb,Q9CQB5_transplanted.pdb,Local,0.6706972718238831,FES,Success
2025-04-15 18:28:51,O52681.pdb,Q8N5K1_empty.pdb,Q8N5K1_transplanted.pdb,Local,0.6771454215049744,FES,Success
2025-04-15 18:36:44,O52681.pdb,Q9NZ45_empty.pdb,Q9NZ45_transplanted.pdb,Local,0.7189000248908997,FES,Success
2025-04-15 18:44:01,O52681.pdb,P0AE56_empty.pdb,P0AE56_transplanted.pdb,Local,3.825575590133667,FES,Success
2025-04-15 20:24:38,P00260_crystal.pdb,P00209_empty.pdb,P00209_SF4_CYS11.pdb,Local,0.0,SF4,Success
2025-04-15 20:34:47,P38524_crystal.pdb,P00209_empty.pdb,P00209_SF4_CYS11_donor-P38524.pdb,Local,2.155224323272705,SF4,Success
2025-04-28 09:41:11,P24297.pdb,P00268.pdb,P00268_realigned.pdb,Local,0.04021190106868744,FE,Success
2025-04-28 09:44:41,P24297.pdb,P00268_no_fe.pdb,P00268_realigned.pdb,Local,0.04021190106868744,FE,Success
2025-04-28 09:45:50,P24297.pdb,P56263_no_fe.pdb,P56263_realigned.pdb,Local,0.062372252345085144,FE,Success
2025-04-28 09:47:59,P24297.pdb,P09947_no_fe.pdb,P09947_realigned.pdb,Local,0.047867897897958755,FE,Success
2025-04-28 09:49:06,P24297.pdb,P14071_no_fe.pdb,P14071_realigned.pdb,Local,0.05563323572278023,FE,Success
2025-05-20 10:36:09,P00210.pdb,P00212_AF.pdb,P00212_AF_filled.pdb,Local,0.14660997688770294,SF4,Success
2025-05-20 11:22:40,P00208.pdb,Q8KCZ6_AF.pdb,Q8KCZ6_AF_filled.pdb,Local,0.1782452017068863,SF4,Success
2025-05-20 11:25:20,P00208.pdb,Q8KCZ7_AF.pdb,Q8KCZ7_AF_filled.pdb,Local,0.20750682055950165,SF4,Success
2025-05-20 11:39:37,P00208.pdb,P73811_empty.pdb,P73811_filled.pdb,Global,0.9465794563293457,SF4,Success
2025-05-20 11:56:55,Q9X2D5.pdb,Q9X0Q7_empty.pdb,Q9X0Q7_filled.pdb,Global,0.4016997814178467,SF4,Success
2025-05-20 12:06:12,Q8KCZ6_AF_filled.pdb,Q9X115_empty.pdb,Q9X115_filled.pdb,Global,1.0164034366607666,SF4,Success
2025-05-20 12:11:49,Q9X115_filled.pdb,Q9X1L9_empty.pdb,Q9X1L9_filled.pdb,Global,2.640439987182617,SF4,Success
