UniProt ID,Mutation,Status,Message
P00214,no,Skipped,Wild-type entry
P00214,no,Skipped,Wild-type entry
P10109,no,Skipped,Wild-type entry
P27320,no,Skipped,Wild-type entry
P27787,no,Skipped,Wild-type entry
O80429,no,Skipped,Wild-type entry
P05314,no,Skipped,Wild-type entry
O23813,no,Skipped,Wild-type entry
P0A3C9,no,Skipped,Wild-type entry
Q55389,no,Skipped,Wild-type entry
O52681,no,Skipped,Wild-type entry
O52681,V128A,Success,1 mutations applied and saved
O52681,V128G,Success,1 mutations applied and saved
O52681,V128P,Success,1 mutations applied and saved
O52681,V128C,Success,1 mutations applied and saved
O52681,V128S,Success,1 mutations applied and saved
O52681,V128T,Success,1 mutations applied and saved
O52681,V128D,Success,1 mutations applied and saved
O52681,V128E,Success,1 mutations applied and saved
O52681,V128H,Success,1 mutations applied and saved
O52681,V128K,Success,1 mutations applied and saved
O52681,V128R,Success,1 mutations applied and saved
O52681,V128N,Success,1 mutations applied and saved
O52681,V128Q,Success,1 mutations applied and saved
O52681,V128I,Success,1 mutations applied and saved
O52681,V128L,Success,1 mutations applied and saved
O52681,V128M,Success,1 mutations applied and saved
O52681,V128F,Success,1 mutations applied and saved
O52681,V128W,Success,1 mutations applied and saved
O52681,V128Y,Success,1 mutations applied and saved
O52681,D79P,Success,1 mutations applied and saved
O52681,G80P,Success,1 mutations applied and saved
O52681,T81P,Success,1 mutations applied and saved
O52681,A82P,Success,1 mutations applied and saved
O52681,L120P,Success,1 mutations applied and saved
O52681,G121P,Success,1 mutations applied and saved
O52681,A122P,Success,1 mutations applied and saved
P46797,no,Skipped,Wild-type entry
Q9X0Q7,no,Skipped,Wild-type entry
Q9X0Q7,no,Skipped,Wild-type entry
Q9X115,no,Skipped,Wild-type entry
Q9X115,no,Skipped,Wild-type entry
Q9X1L9,no,Skipped,Wild-type entry
Q9X1L9,no,Skipped,Wild-type entry
Q9X2D5,no,Skipped,Wild-type entry
Q9X2D5,no,Skipped,Wild-type entry
Q8IED5,no,Skipped,Wild-type entry
P55907,no,Skipped,Wild-type entry
P55907,no,Skipped,Wild-type entry
P52102,no,Skipped,Wild-type entry
P52102,no,Skipped,Wild-type entry
P00208,C58A,Success,1 mutations applied and saved
P00208,C58A,Success,1 mutations applied and saved
P00208,C58S,Success,1 mutations applied and saved
P00208,C58S,Success,1 mutations applied and saved
P00208,V14G,Success,1 mutations applied and saved
P00208,V14G,Success,1 mutations applied and saved
P00208,"D13G,V14G",Success,2 mutations applied and saved
P00208,"D13G,V14G",Success,2 mutations applied and saved
P00208,"D13G,V14G,C58A",Success,3 mutations applied and saved
P00208,"D13G,V14G,C58A",Success,3 mutations applied and saved
P00203,no,Skipped,Wild-type entry
P00200,no,Skipped,Wild-type entry
P00208,no,Skipped,Wild-type entry
P00208,no,Skipped,Wild-type entry
P00195,no,Skipped,Wild-type entry
P11425,no,Skipped,Wild-type entry
P00198,no,Skipped,Wild-type entry
P71820,no,Skipped,Wild-type entry
P00259,no,Skipped,Wild-type entry
P00259,no,Skipped,Wild-type entry
P37332,no,Skipped,Wild-type entry
P04168,no,Skipped,Wild-type entry
P04169,no,Skipped,Wild-type entry
O85673,no,Skipped,Wild-type entry
P00214,C21A,Success,1 mutations applied and saved
P00214,C21A,Success,1 mutations applied and saved
P00214,C25A,Success,1 mutations applied and saved
P00214,C25A,Success,1 mutations applied and saved
P00207,no,Skipped,Wild-type entry
P00207,no,Skipped,Wild-type entry
P00207,T10I,Success,1 mutations applied and saved
P00207,T10I,Success,1 mutations applied and saved
P05340,no,Skipped,Wild-type entry
P0DUV7,no,Skipped,Wild-type entry
P18187,no,Skipped,Wild-type entry
P18187,no,Skipped,Wild-type entry
P18187,no,Skipped,Wild-type entry
P18187,P238C,Success,1 mutations applied and saved
P18187,P238C,Success,1 mutations applied and saved
P18187,P238C,Success,1 mutations applied and saved
P73811,no,Skipped,Wild-type entry
P73811,no,Skipped,Wild-type entry
P73276,no,Skipped,Wild-type entry
P9WF43,no,Skipped,Wild-type entry
Q8N5K1,no,Skipped,Wild-type entry
Q9CQB5,no,Skipped,Wild-type entry
Q9NZ45,no,Skipped,Wild-type entry
Q9XBQ8,no,Skipped,Wild-type entry
T2G899,no,Skipped,Wild-type entry
T2G899,no,Skipped,Wild-type entry
O04090,no,Skipped,Wild-type entry
P16972,no,Skipped,Wild-type entry
Q9ZQG8,no,Skipped,Wild-type entry
Q9FIA7,no,Skipped,Wild-type entry
O23344,no,Skipped,Wild-type entry
P07485,no,Skipped,Wild-type entry
P00211,no,Skipped,Wild-type entry
P00211,no,Skipped,Wild-type entry
Q9HH83,no,Skipped,Wild-type entry
P0AE56,no,Skipped,Wild-type entry
P50727,no,Skipped,Wild-type entry
P59799,no,Skipped,Wild-type entry
Q9X1D7,no,Skipped,Wild-type entry
P49949,no,Skipped,Wild-type entry
P49949,no,Skipped,Wild-type entry
D9PYF6,no,Skipped,Wild-type entry
D9PYF7,no,Skipped,Wild-type entry
Q46FL1,no,Skipped,Wild-type entry
Q46FL2,no,Skipped,Wild-type entry
P00268,no,Skipped,Wild-type entry
P24297,no,Skipped,Wild-type entry
P0A3C8,no,Skipped,Wild-type entry
P33164,no,Skipped,Wild-type entry
Q02762,no,Skipped,Wild-type entry
P00209,no,Skipped,Wild-type entry
P00209,no,Skipped,Wild-type entry
P10245,no,Skipped,Wild-type entry
P00210,no,Skipped,Wild-type entry
P00260,no,Skipped,Wild-type entry
P04168,no,Skipped,Wild-type entry
P09947,no,Skipped,Wild-type entry
P14071,no,Skipped,Wild-type entry
P56263,no,Skipped,Wild-type entry
P24297,A44V,Success,1 mutations applied and saved
P38589,no,Skipped,Wild-type entry
P00266,no,Skipped,Wild-type entry
P33678,no,Skipped,Wild-type entry
P12943,no,Skipped,Wild-type entry
P12943,no,Skipped,Wild-type entry
P12943,no,Skipped,Wild-type entry
P00193,no,Skipped,Wild-type entry
P00221,no,Skipped,Wild-type entry
P00221,E142K,Success,1 mutations applied and saved
P00221,E142Q,Success,1 mutations applied and saved
P00221,E142A,Success,1 mutations applied and saved
P00265,no,Skipped,Wild-type entry
P38524,no,Skipped,Wild-type entry
P38941,no,Skipped,Wild-type entry
P00264,no,Skipped,Wild-type entry
P00263,no,Skipped,Wild-type entry
P0A3C7,no,Skipped,Wild-type entry
P0A3C7,A46S,Success,1 mutations applied and saved
P00261,no,Skipped,Wild-type entry
P00262,no,Skipped,Wild-type entry
P80882,no,Skipped,Wild-type entry
O52396,no,Skipped,Wild-type entry
D3FQ82,no,Skipped,Wild-type entry
Q46136,no,Skipped,Wild-type entry
P37332,no,Skipped,Wild-type entry
