UniProt ID,Mutation,pH,Status,Message
O52681,V128A,7,Success,Protonated and saved
O52681,V128G,7,Success,Protonated and saved
O52681,V128P,7,Success,Protonated and saved
O52681,V128C,7,Success,Protonated and saved
O52681,V128S,7,Success,Protonated and saved
O52681,V128T,7,Success,Protonated and saved
O52681,V128D,7,Success,Protonated and saved
O52681,V128E,7,Success,Protonated and saved
O52681,V128H,7,Success,Protonated and saved
O52681,V128K,7,Success,Protonated and saved
O52681,V128R,7,Success,Protonated and saved
O52681,V128N,7,Success,Protonated and saved
O52681,V128Q,7,Success,Protonated and saved
O52681,V128I,7,Success,Protonated and saved
O52681,V128L,7,Success,Protonated and saved
O52681,V128M,7,Success,Protonated and saved
O52681,V128F,7,Success,Protonated and saved
O52681,V128W,7,Success,Protonated and saved
O52681,V128Y,7,Success,Protonated and saved
O52681,D79P,7,Success,Protonated and saved
O52681,G80P,7,Success,Protonated and saved
O52681,T81P,7,Success,Protonated and saved
O52681,A82P,7,Success,Protonated and saved
O52681,L120P,7,Success,Protonated and saved
O52681,G121P,7,Success,Protonated and saved
O52681,A122P,7,Success,Protonated and saved
P00208,C58A,7,Success,Protonated and saved
P00208,C58A,7,Success,Protonated and saved
P00208,C58S,7,Success,Protonated and saved
P00208,C58S,7,Success,Protonated and saved
P00208,V14G,7,Success,Protonated and saved
P00208,V14G,7,Success,Protonated and saved
P00208,D13G_V14G,7,Success,Protonated and saved
P00208,D13G_V14G,7,Success,Protonated and saved
P00208,D13G_V14G_C58A,7,Success,Protonated and saved
P00208,D13G_V14G_C58A,7,Success,Protonated and saved
P00214,C21A,7.8,Success,Protonated and saved
P00214,C21A,7.8,Success,Protonated and saved
P00214,C25A,7.8,Success,Protonated and saved
P00214,C25A,7.8,Success,Protonated and saved
P00207,T10I,7.5,Success,Protonated and saved
P00207,T10I,7.5,Success,Protonated and saved
P18187,P238C,8,Success,Protonated and saved
P18187,P238C,8,Success,Protonated and saved
P18187,P238C,8,Success,Protonated and saved
P24297,A44V,7,Success,Protonated and saved
P00221,E142K,7.4,Success,Protonated and saved
P00221,E142Q,7.4,Success,Protonated and saved
P00221,E142A,7.4,Success,Protonated and saved
P0A3C7,A46S,8,Success,Protonated and saved
